1|Mills|Elvira|Elvira.Mills17|(905) |771355648_75130|
2|Kozey|Jamie|Jamie28|928.285.8023 x57616|384935418_71656|
3|Hilpert|Billie|Billie91|556.734.7376|661910456_15975|
4|King|Mack|Mack_King|(668) 387-4021 x16201|660070341_76993|
5|Blick|Merle|Merle.Blick52|869.956.7474 x86829|752546838_87583|
6|Yost|Stephen|Stephen.Yost|1-299-822-1740 x3805|540382708_81731|
7|Tillman|Jeremy|Jeremy.Tillman57|(368) 213-4185 x74990|483239317_77520|
8|Von|June|June86|1-203-826-7258|171473086_60508|
9|Rau|Jeanette|Jeanette68|(980) 697-4832|621232554_38242|
10|Haag|Sadie|Sadie_Haag87|639.825.8402 x98925|187913204_73882|
11|Runte|Shannon|Shannon97|(824) 478-5924 x9534|766387124_52683|
12|Davis|Jamie|Jamie.Davis|(982) 576-2085 x77999|712302749_45690|
13|Mosciski|Monique|Monique75|(773) 422-2631|184258872_66527|
14|Harris|Kellie|Kellie_Harris6|(667) 310-5724|846358634_29383|
15|Hackett|Travis|Travis.Hackett90|1-655-401-9240 x5776|124907974_79085|
16|Schaefer|Victoria|Victoria35|1-801-690-5602|360421728_56077|
17|Senger|Dennis|Dennis.Senger7|1-564-777-8804|648629564_11810|
18|Schmitt|Allan|Allan40|1-635-789-1017|388674391_15112|
19|Hamill|Beverly|Beverly_Hamill71|(232) 730-7204|695125039_37059|
20|Langworth|Tommie|Tommie.Langworth|757-279-7960 x63165|507452588_79398|
21|Gerhold|Gina|Gina_Gerhold68|622.983.6488|202882444_68221|
22|Maggio|Glen|Glen73|(392) 610-6461|546716833_26015|
23|Douglas|Eileen|Eileen.Douglas|595-697-0314 x6275|738424486_58043|
24|Weimann|Alma|Alma.Weimann|669-513-6149|667648088_83011|
25|Shanahan|Jan|Jan.Shanahan71|1-235-374-1144 x0735|839846301_49971|
26|Fisher|Steve|Steve_Fisher46|530-820-1487 x2612|559434229_79366|
27|Crist|Alvin|Alvin_Crist33|316.917.6327 x43589|231126784_40399|
28|Schulist|Alvin|Alvin_Schulist|1-286-770-0253|460465182_41306|
29|Nader|Eileen|Eileen49|(443) 357-3510 x3607|442146054_23490|
30|Von|Simon|Simon1|1-480-784-8957 x4788|776318424_85375|
31|Pollich|Roxanne|Roxanne_Pollich10|393-988-5518 x47016|697006873_47670|
32|Cremin|Ed|Ed.Cremin83|(668) 640-9724 x726|270394506_44744|
33|Cole|Traci|Traci58|650.754.9838|506509595_28835|
34|Pacocha|Jackie|Jackie_Pacocha|(853) 340-8575 x838|269921469_75834|
35|Ondricka|Justin|Justin_Ondricka36|754.883.7201|342571944_27083|
36|Gerhold|Casey|Casey1|624.469.0790 x79612|359094014_37409|
37|McClure|Monica|Monica_McClure|233.497.8295 x658|776244537_36147|
38|Glover|Jake|Jake.Glover76|501-677-4608 x265|525123397_66601|
39|Macejkovic|Olive|Olive39|(767) 499-1781 x39427|315234767_87842|
40|Goldner|Jessie|Jessie47|1-273-422-2117 x100|515733567_30726|
41|Welch|Denise|Denise.Welch|524.364.9506 x0533|797739802_60667|
42|Beier|Melissa|Melissa45|(358) 838-4985|655414997_25620|
43|Schuster|Audrey|Audrey_Schuster|1-977-689-9922|773255648_44049|
44|Hoppe|Janis|Janis_Hoppe35|312.908.6288|741431817_47056|
45|Pagac|Salvador|Salvador48|389-695-1258 x55694|165999366_79748|
46|Davis|Ana|Ana98|(413) 738-2669 x80543|122699403_37216|
47|Carroll|Walter|Walter.Carroll|281.692.2981 x8959|509933375_40356|
48|Sanford|Tabitha|Tabitha.Sanford|847-294-2095 x2769|445697378_80496|
49|Leffler|Carla|Carla.Leffler60|1-431-344-1433 x99767|326809936_37336|
50|Krajcik|Joshua|Joshua_Krajcik|1-474-895-6329 x5110|896083243_65013|
51|Marquardt|Caroline|Caroline.Marquardt79|(840) 279-7013 x16027|212337894_30682|
52|Huel|Darin|Darin.Huel53|554.973.6186 x99554|709420489_11765|
53|Hackett|Lonnie|Lonnie_Hackett84|(854) 752-6057 x43656|377402171_55819|
54|Beatty|Laurie|Laurie.Beatty8|1-219-607-4221|221511287_46700|
55|Macejkovic|Lynn|Lynn.Macejkovic|1-718-644-3648 x6067|555230919_28839|
56|Tremblay|Frank|Frank_Tremblay|753-955-8299|789313588_66687|
57|Ondricka|Claudia|Claudia79|527.827.6957 x2394|402997084_63827|
58|Labadie|Cynthia|Cynthia_Labadie87|936.960.5025 x2551|697685871_48203|
59|Rath|Claudia|Claudia.Rath|614-271-9495|606715041_35696|
60|Bailey|Alberta|Alberta43|1-394-708-7198|228946483_32239|
61|Kris|Jordan|Jordan53|(836) 979-4785 x1497|202121220_74385|
62|Bogisich|Matthew|Matthew45|(577) 888-1793 x18345|148939767_49669|
63|Kovacek|Simon|Simon69|(913) 920-0272 x11573|847606099_64660|
64|Strosin|Mary|Mary.Strosin|439-712-7333 x656|113497253_31948|
65|Hermiston|Hugo|Hugo.Hermiston42|1-268-441-2276|158766757_37719|
66|Hagenes|Veronica|Veronica_Hagenes43|(319) 379-0681|772693879_50491|
67|McGlynn|Guillermo|Guillermo3|744-690-6808 x4346|275896091_31460|
68|Stroman|Cecilia|Cecilia_Stroman11|1-495-771-1540 x8290|838681369_19914|
69|Kutch|Daisy|Daisy_Kutch40|758.853.1704|204292433_25724|
70|Gaylord|Kristen|Kristen_Gaylord5|203.418.9116 x593|163700807_12631|
71|Rempel|Andy|Andy_Rempel|359-818-0660 x557|479581399_30906|
72|Grady|Sam|Sam.Grady9|1-442-552-0800 x43369|335923740_83734|
73|Nicolas|Paula|Paula.Nicolas22|373-821-3479|222630170_79083|
74|Torp|Emma|Emma86|(615) 893-1882 x332|102204770_58032|
75|Aufderhar|Stella|Stella78|609.294.2226|701777995_30891|
76|Kihn|Della|Della_Kihn|463-775-8553|786817640_11679|
77|Russel|Erma|Erma_Russel|1-996-554-2084|344453603_60493|
78|Walsh|Amanda|Amanda_Walsh73|911.930.0673|516984466_24012|
79|Braun|Garrett|Garrett10|678-546-4359 x72049|539175777_29062|
80|Bechtelar|Ramona|Ramona.Bechtelar10|807.404.8728|494073681_78622|
81|Bogisich|Marjorie|Marjorie_Bogisich29|1-619-703-5220 x574|327362894_41796|
82|O'Keefe|Marsha|Marsha6|813.816.1506|734970958_24394|
83|Glover|Marion|Marion86|256.261.8130 x52136|602372656_26895|
84|Crist|Orlando|Orlando86|1-513-896-5651 x8489|458161912_56920|
85|Thiel|Bradford|Bradford61|1-324-744-0061|601661559_22764|
86|Ryan|Tami|Tami_Ryan|329.323.3039 x1700|496816235_52229|
87|Gutkowski|Kyle|Kyle_Gutkowski|501.811.2852|430018376_12434|
88|Schowalter|Allison|Allison.Schowalter90|708.571.2621|381397044_28489|
89|Zulauf|Megan|Megan_Zulauf|1-811-409-8986 x8472|724015928_89411|
90|Monahan|Della|Della.Monahan|1-554-628-3737 x3510|896562088_18617|
91|Kihn|Lynn|Lynn_Kihn47|(842) 304-9085 x2975|606968097_39141|
92|Waters|Josefina|Josefina_Waters|699.861.9660|624827119_23644|
93|Block|Tim|Tim.Block53|846-662-3646 x59712|764172443_10466|
94|Ferry|Tammy|Tammy47|(749) 818-8730 x22947|103967303_76857|
95|Hermiston|Stanley|Stanley81|(795) 272-6872 x10350|574959653_58808|
96|Strosin|Lucille|Lucille.Strosin43|550.410.2471 x2241|604710020_27902|
97|Goodwin|Monique|Monique_Goodwin87|999-264-0637 x46186|363079970_71964|
98|Christiansen|Marjorie|Marjorie_Christiansen|1-482-509-4896 x7526|805372023_69648|
99|Nikolaus|Shirley|Shirley10|880-711-1432 x0370|885252875_46399|
